{
"EnforcedLanguage":"",
"Laboratory":{"IncludeRoom":true,"MaxSize":64,"Bonus":0.1},
"Kitchen":{"IncludeRoom":true,"MaxSize":64,"Bonus":0.1},
"Bathroom":{"IncludeRoom":true,"MaxSize":64,"Bonus":0.2},
"Industrial":{"IncludeRoom":false,"MaxSize":96,"Bonus":null},
"Graveyard":{"IncludeRoom":false,"MaxSize":96,"Bonus":null},
"Agricultural":{"IncludeRoom":true,"MaxSize":96,"Bonus":null},
"Gym":{"IncludeRoom":true,"MaxSize":64,"Bonus":0.1},
"Nursery":{"IncludeRoom":true,"MaxSize":64,"Bonus":0.1},
"Aquarium":{"IncludeRoom":true,"MaxSize":96,"Bonus":0.2},
"HospitalUpdate":{"IncludeRoom":true,"MaxSize":96,"Bonus":null}
}