{
  "AddDisablePort": {
    "GravitasCreatureManipulatorConfig": true,
    "MegaBrainTankConfig": true,
    "FossilDigSiteConfig": true,
    "LiquidReservoirConfig": true,
    "GasReservoirConfig": true,
    "MassiveHeatSinkConfig": true,
    "PlanterBoxConfig": true,
    "FarmTileConfig": true,
    "HydroponicFarmConfig": true,
    "LiquidPumpingStationConfig": true,
    "BottleEmptierConfig": true,
    "BottleEmptierGasConfig": true,
    "GasBottlerConfig": true,
    "IceCooledFanConfig": true,
    "CreatureDeliveryPointConfig": true
  }
}