{
  "HideLegendEffect": true,
  "EnforcedLanguage": "",
  "Laboratory": {
    "IncludeRoom": true,
    "MaxSize": 64,
    "Bonus": 0.1,
    "RoomColor": {
      "r": 66,
      "g": 164,
      "b": 244,
      "a": 255
    }
  },
  "Kitchen": {
    "IncludeRoom": true,
    "MaxSize": 64,
    "Bonus": 0.1,
    "RoomColor": {
      "r": 205,
      "g": 242,
      "b": 72,
      "a": 255
    }
  },
  "Bathroom": {
    "IncludeRoom": true,
    "MaxSize": 64,
    "Bonus": 0.2,
    "RoomColor": {
      "r": 132,
      "g": 255,
      "b": 244,
      "a": 255
    }
  },
  "Industrial": {
    "IncludeRoom": false,
    "MaxSize": 96,
    "RoomColor": {
      "r": 244,
      "g": 197,
      "b": 66,
      "a": 255
    }
  },
  "Graveyard": {
    "IncludeRoom": false,
    "MaxSize": 96,
    "Bonus": 0.2,
    "RoomColor": {
      "r": 172,
      "g": 255,
      "b": 189,
      "a": 255
    }
  },
  "Agricultural": {
    "IncludeRoom": true,
    "MaxSize": 96,
    "RoomColor": {
      "r": 205,
      "g": 242,
      "b": 72,
      "a": 255
    }
  },
  "Gym": {
    "IncludeRoom": true,
    "MaxSize": 64,
    "Bonus": 0.1,
    "RoomColor": {
      "r": 66,
      "g": 164,
      "b": 244,
      "a": 255
    }
  },
  "Nursery": {
    "IncludeRoom": false,
    "MaxSize": 64,
    "Bonus": 0.1,
    "RoomColor": {
      "r": 205,
      "g": 242,
      "b": 72,
      "a": 255
    }
  },
  "Aquarium": {
    "IncludeRoom": false,
    "MaxSize": 96,
    "Bonus": 0.2,
    "RoomColor": {
      "r": 132,
      "g": 255,
      "b": 244,
      "a": 255
    }
  },
  "Botanical": {
    "IncludeRoom": true,
    "MaxSize": 96,
    "RoomColor": {
      "r": 172,
      "g": 255,
      "b": 189,
      "a": 255
    }
  },
  "Museum": {
    "IncludeRoom": true,
    "MaxSize": 96,
    "Bonus": 0.3,
    "RoomColor": {
      "r": 255,
      "g": 132,
      "b": 142,
      "a": 255
    }
  },
  "HospitalUpdate": {
    "IncludeRoom": true,
    "MaxSize": 96,
    "RoomColor": {
      "r": 255,
      "g": 132,
      "b": 142,
      "a": 255
    }
  },
  "PrivateBedroom": {
    "IncludeRoom": true,
    "MaxSize": 32,
    "RoomColor": {
      "r": 163,
      "g": 255,
      "b": 132,
      "a": 255
    }
  },
  "NurseryGenetic": {
    "IncludeRoom": true,
    "MaxSize": 96,
    "Bonus": 0.2,
    "RoomColor": {
      "r": 205,
      "g": 242,
      "b": 72,
      "a": 255
    }
  },
  "MuseumSpace": {
    "IncludeRoom": true,
    "MaxSize": 96,
    "Bonus": 0.3,
    "RoomColor": {
      "r": 66,
      "g": 164,
      "b": 244,
      "a": 255
    }
  },
  "ResizeMaxRoomSize64": 64,
  "ResizeMaxRoomSize96": 96,
  "ResizeMaxRoomSize120": 120,
  "ResizeMaxRoomSize": 128
}