{
  "RebalanceForDiseasesRestored": false,
  "AutoDetectRelatedMods": true,
  "UnstableVirusFinalMutationCycleEstimation": 1000,
  "UnstableVirusMinimalMutationInterval": 5,
  "UnstableVirusMutationFocusEqualizer": 0.5,
  "ClearVirusMutationsOnLoad": false,
  "EnableMedicalResearchPoints": true,
  "MutationVirusStageColors": {
    "0": {
      "r": 128,
      "g": 255,
      "b": 128,
      "a": 255
    },
    "0.2": {
      "r": 0,
      "g": 255,
      "b": 0,
      "a": 255
    },
    "0.4": {
      "r": 255,
      "g": 255,
      "b": 0,
      "a": 255
    },
    "0.6": {
      "r": 255,
      "g": 0,
      "b": 0,
      "a": 255
    },
    "1": {
      "r": 255,
      "g": 0,
      "b": 128,
      "a": 255
    }
  }
}