{"DiffictultyScale":1.0,"Ignored":{"FarmingTech":false,"FineDining":false,"FoodRepurposing":false,"FinerDining":false,"Agriculture":false,"Ranching":false,"AnimalControl":false,"ImprovedOxygen":false,"GasPiping":false,"ImprovedGasPiping":false,"PressureManagement":false,"DirectedAirStreams":false,"LiquidFiltering":false,"MedicineI":false,"MedicineII":false,"MedicineIII":false,"MedicineIV":false,"LiquidPiping":false,"ImprovedLiquidPiping":false,"PrecisionPlumbing":false,"SanitationSciences":false,"FlowRedirection":false,"AdvancedFiltration":false,"Distillation":false,"Catalytics":false,"PowerRegulation":false,"AdvancedPowerRegulation":false,"PrettyGoodConductors":false,"RenewableEnergy":false,"Combustion":false,"ImprovedCombustion":false,"InteriorDecor":false,"Artistry":false,"Clothing":false,"Acoustics":false,"FineArt":false,"EnvironmentalAppreciation":false,"Luxury":false,"RefractiveDecor":false,"GlassFurnishings":false,"Screens":false,"RenaissanceArt":false,"Plastics":false,"ValveMiniaturization":false,"Suits":false,"Jobs":false,"AdvancedResearch":false,"NotificationSystems":false,"ArtificialFriends":false,"BasicRefinement":false,"RefinedObjects":false,"Smelting":false,"HighTempForging":false,"TemperatureModulation":false,"HVAC":false,"LiquidTemperature":false,"LogicControl":false,"GenericSensors":false,"LogicCircuits":false,"ParallelAutomation":false,"DupeTrafficControl":false,"SkyDetectors":false,"TravelTubes":false,"SmartStorage":false,"SolidTransport":false,"SolidManagement":false,"BasicRocketry":false,"Jetpacks":false,"PortableGasses":false,"LiquidDistribution":false,"SpacePower":false,"HydrocarbonPropulsion":false,"CryoFuelPropulsion":false,"SpaceProgram":false,"CrashPlan":false,"DurableLifeSupport":false,"RoboticTools":false,"GasDistribution":false,"AdvancedScanners":false,"SolidDistribution":false,"NuclearResearch":false,"RadiationProtection":false,"Monuments":false,"AdvancedSanitation":false,"NuclearRefinement":false}}